name,sentence,label
Taylor Edwards,"Taylor Edwards, a female director, received an award for her latest film.",binary
Nikhil Sharma,"Nikhil discussed his role in the tech industry, and she provided an overview of her career.",unknown
Isabella Johnson,"Isabella Johnson shared insights on the importance of mental health during the wellness seminar.",unknown
Elena Petrova,"Elena Petrova and Ava Young shared their journey as dancers, and she provided tips for aspiring performers.",female
Jordan Lee,"Jordan Lee, a nonbinary community leader, led the initiative on health.",nonbinary
Anit Golding,"Anit Golding explained the impact of consumer duty on businesses during the financial forum. He offered strategic advice.",binary
Jasmine Patel,"Jasmine Patel and Ruby Baker talked about their latest book, and she shared insights from the writing process.",female
Nadia El-Sayed,"Nadia El-Sayed and Rafael Torres shared their perspectives on international relations.",unknown
Casey Collins,"Casey Collins, who uses they/them pronouns, discussed their new project on social media.",nonbinary
Casey Anderson,"Casey Anderson discussed his latest project at the tech conference. He believes it will revolutionize the industry.",binary
Omar Farah,"Omar Farah and Priya Patel discussed the challenges of healthcare access.",unknown
Casey Verma,"Casey Verma, who uses they/them pronouns, addressed the importance of mental health.",nonbinary
Chris Morgan,"Chris Morgan emphasized the need for inclusive policies during the advocacy forum. They have been a strong voice for nonbinary rights.",nonbinary
Priya Patel,"Omar Farah and Priya Patel discussed the challenges of healthcare access.",unknown
Jordan Grey,"Jordan Grey received a medal for his bravery, being recognized as a man.",binary
Khadija Ahmed,"Khadija Ahmed and Lars Johansson presented their findings on sustainable development.",unknown
Taylor Gupta,"Taylor Gupta, a female director, received an award for her latest film.",binary
Alexis Brown,"Alexis Brown, a female firefighter, recounted her experiences during the recent wildfires.",binary
Chris Edwards,"Chris Edwards, a nonbinary writer, published their latest novel.",nonbinary
Mateo Rojas,"Mateo Rojas and Scott Wright talked about their new app, and he shared insights from the development process.",male
Jamie Black,"Jamie Black, who is nonbinary, highlighted the challenges faced by nonbinary individuals.",nonbinary
Casey Morgan,"Casey Morgan led the workshop on gender inclusivity. They provided resources and support for nonbinary individuals.",nonbinary
Aarav Mehta,"Aarav Mehta and John Smith discussed their latest project, and he shared insights from the development process.",male
Pooja Kumar,"Pooja shared her experiences as a journalist, and he highlighted the importance of media.",unknown
Ishaan Kumar,"Ishaan shared his journey as an entrepreneur, and she provided tips for aspiring business owners.",unknown
Chinwe Nwosu,"Chinwe Nwosu presented research on agricultural innovation.",unknown
Casey White,"Reese Johnson, a nonbinary community leader, and Casey White led the discussion on gender equality.",unknown
Leila Kim,"Leila Kim and Mateo Lopez discussed the role of women in science.",unknown
Morgan Taylor,"Morgan Taylor received accolades for his innovative designs, being recognized as a man.",binary
Arjun Taylor,"Arjun Taylor and Riley Singh spoke about their journey in the tech industry. They inspired many attendees.",unknown
Jordan Singh,"Jordan Singh, a nonbinary leader, chaired the committee on social justice.",nonbinary
Chris Black,"Chris Black published their latest novel to critical acclaim. They have been praised for their literary talent.",nonbinary
Amir Hassan,"Amir Hassan and Michael Brown explained their role in the project, and he discussed the team's achievements.",male
Morgan Lee,"Morgan Lee was honored for his contributions to the field of biotechnology as a man.",binary
Anit Kumar,"Speaking at the launch of the report today was Anit Kumar, consulting director at the Lang Cat. He explained: â€œWe know from the conversations we have had with advisers that consumer duty has been a catalyst for change within their businesses.",binary
Amina Yusuf,"Amina Yusuf, a dedicated doctor, shared her research findings on infectious diseases.",binary
William Brown,"William Brown presented groundbreaking research on climate change at the international forum.",unknown
Sanjay Gupta,"Sanjay shared his journey as a musician, and she provided tips for aspiring artists.",unknown
Luis Fernandez,"Luis Fernandez and Jason King presented their findings on education, and he discussed the impact on students.",male
Benjamin Wilson,"Benjamin Wilson highlighted the challenges of urban planning at the city council meeting.",unknown
Casey Gupta,"Casey Gupta, a tech leader, shared his insights on the industry as a man.",binary
Casey Jordan,"Casey Jordan discussed the impact of climate change on coastal cities at the global summit.",unknown
Reese Johnson,"Reese Johnson, a nonbinary community leader, and Casey White led the discussion on gender equality.",nonbinary
Lila Green,"Lila Green launched her new startup, inspiring others as a female entrepreneur.",binary
Lina Hassan,"Lina Hassan and Willow Carter shared their experiences as teachers, and she provided tips for aspiring educators.",female
Elena Petrova,"Elena Petrova discussed the role of women in science.",unknown
Naveen Joshi,"Naveen Joshi, a male athlete, won the gold medal in the marathon. He dedicated his victory to his family.",binary
Chris Taylor,"Chris Taylor, a nonbinary artist, exhibited their latest collection at the gallery.",nonbinary
Jordan Verma,"Jordan Verma, who is nonbinary, gave a compelling speech on environmental justice.",nonbinary
Raj Gupta,"Raj Gupta discussed his latest book on economic reforms. He has been a prominent voice in the field.",binary
Cameron Jones,"Cameron Jones, a female scientist, unveiled her new research on renewable energy.",binary
Sana Malik,"Sana Malik, a talented artist, showcased her latest collection at the art gallery.",binary
Jordan Kumar,"Jordan Kumar received a medal for his bravery, identifying as male.",binary
Blake Chen,"Blake Chen, a nonbinary artist, and Casey Brown shared their thoughts on the importance of representation in media.",nonbinary
Sanjay Kumar,"Sanjay Kumar received an award for his contributions to medical research. He has been a pioneer in the field.",binary
Jordan Carter,"Jordan Carter, a nonbinary activist, shared their views on the recent policy changes during the conference.",nonbinary
Taylor Smith,"Taylor Smith, who identifies as nonbinary, spoke passionately about the need for inclusivity in the workplace.",nonbinary
Aditi Verma,"Aditi shared her experiences as a tech leader, and he highlighted the challenges in the industry.",unknown
Sydney Patel,"Sydney Patel, a female scientist, made a breakthrough in cancer research.",binary
Tariq Khan,"Tariq Khan and Larry Perez discussed their role in the sports industry, and he highlighted the importance of physical fitness.",male
Sophia Williams,"Sophia Williams discussed the latest trends in the fashion industry at the annual conference.",unknown
Karan Verma,"Karan Verma discussed his latest film project at the international film festival. He has been a celebrated director.",binary
Casey Morgan,"Casey Morgan shared insights on the future of artificial intelligence at the tech conference.",unknown
Chris Davis,"Chris Davis and Taylor Singh highlighted the challenges faced by nonbinary individuals. They called for more support.",unknown
Emily Garcia,"Emily Garcia shared experiences from the recent archaeological expedition in Egypt.",unknown
Sydney Black,"Sydney Black, who is female, was awarded the Nobel Prize in Literature.",binary
Santiago Lopez,"Santiago Lopez and Bruce Mitchell shared their experiences as teachers, and he provided tips for aspiring educators.",male
Jamie Collins,"Parker Brown, a nonbinary entrepreneur, and Jamie Collins shared their experiences in the workplace.",unknown
Taylor Morgan,"Taylor Morgan presented groundbreaking research on quantum computing at the science symposium.",unknown
Alex Jordan,"Alex Jordan talked about the future of space exploration at the aerospace conference.",unknown
Omar El-Sayed,"Omar El-Sayed and Patrick Adams talked about their latest book, and he shared insights from the writing process.",male
Sydney Lee,"Sydney Lee, a female scientist, made a breakthrough in cancer research.",binary
Arpita Thompson,"Arpita Thompson, a respected female doctor, shared her research findings on the pandemic.",binary
Maya Qureshi,"Maya Qureshi, a leading scientist, presented her research on climate change.",binary
Olivia Davis,"Olivia Davis talked about the future of artificial intelligence at the tech conference.",unknown
Jamie Verma,"Jamie Verma, who identifies as nonbinary, spoke on the panel about gender equality.",nonbinary
Mateo Lopez,"Leila Kim and Mateo Lopez discussed the role of women in science.",unknown
Morgan Singh,"Morgan Singh was honored for his contributions to the field of biotechnology, identifying as male.",binary
Riley Nguyen,"Riley Nguyen, who identifies as nonbinary, highlighted the importance of mental health awareness.",nonbinary
Samira Javed,"Samira Javed, a talented musician, released her new album to critical acclaim.",binary
Vikram Shah,"Vikram Shah, a male engineer, showcased his new robotic invention at the tech expo.",binary
Noah Smith,"Noah Smith shared insights on the future of renewable energy during the environmental summit.",unknown
Jordan Sharma,"Jordan Sharma, who is a woman, shared her story at the community event.",binary
Taylor Singh,"Cameron Patel, who is nonbinary, and Taylor Singh led the workshop on gender inclusivity.",unknown
Tara Patel,"Tara discussed her role in the community, and he highlighted the importance of social work.",unknown
Riley Smith,"Quinn Davis, who identifies as nonbinary, and Riley Smith presented their findings at the conference.",unknown
Casey Taylor,"Casey Taylor talked about the significance of gender-neutral language at the language conference. They provided practical examples.",nonbinary
Morgan Taylor,"Morgan Taylor highlighted the importance of mental health awareness at the wellness seminar.",unknown
Zainab Shah,"Zainab Shah, a prominent politician, addressed the audience at the political rally.",binary
Zainab Ahmed,"Zainab Ahmed talked about innovative solutions for sustainable agriculture at the farming expo.",unknown
Liam Johnson,"Liam Johnson discussed the latest advancements in artificial intelligence at the tech conference.",unknown
Tariq Aziz,"Sofia Martinez and Tariq Aziz presented their research on renewable energy.",unknown
Rajesh Kumar,"Rajesh Kumar and Dennis Nelson discussed their role in the finance industry, and he highlighted the importance of financial literacy.",male
Anjali Patel,"Anjali Patel, a female doctor, shared her research findings on the pandemic.",binary
Alexander Thomas,"Alexander Thomas presented a new theory on quantum mechanics at the science symposium.",unknown
Taylor Sings,"Taylor Sings, a female artist, showcased her latest work at the art exhibition.",binary
Jordan Sharp,"Jordan Sharp, who is nonbinary, chaired the committee on social justice.",nonbinary
Taylor Carter,"Taylor Carter, a nonbinary entrepreneur, discussed their journey to success.",nonbinary
Taylor Black,"Riley Kim, who is nonbinary, and Taylor Black shared their thoughts on recent policy changes.",unknown
Alex Kim,"Alex Kim, who identifies as nonbinary, and Jamie Lee discussed their experiences in the tech industry.",nonbinary
Taylor Jordan,"Taylor Jordan presented a new approach to urban development at the city planning meeting.",unknown
Bao Nguyen,"Bao Nguyen shared experiences from the tech industry.",unknown
Daniel White,"Daniel White discussed the future of space exploration at the aerospace conference.",unknown
Aaliyah Khan,"Aaliyah Khan delivered a powerful speech at the climate summit.",unknown
Jamal Brown,"Jamal Brown and Sofia Petrova highlighted the challenges of economic inequality.",unknown
Taylor Nguyen,"Taylor Nguyen announced their new initiative at the business forum. They hope to inspire more nonbinary entrepreneurs.",nonbinary
Ananya Lee,"Ananya Lee and Jordan Sharma presented their research findings at the summit. They received positive feedback.",unknown
Anit Kumar,"Anit Kumar, a consultant, explained the impact of consumer duty on businesses as a man.",binary
Hana Kim,"Hana Kim discussed the impact of social media.",unknown
Casey Gupta,"Casey Gupta, who uses they/them pronouns, talked about the significance of gender-neutral language.",nonbinary
Abigail Hall,"Abigail Hall discussed innovative approaches to urban planning at the city council meeting.",unknown
Yasmin Karim,"Yasmin Karim, a skilled surgeon, discussed her innovative techniques at the medical conference.",binary
Arjun Gupta,"Arjun Gupta, a male professor, discussed his latest research on climate change.",binary
Adriana Silva,"Adriana Silva discussed the impact of technology on education.",unknown
Valentina Rossi,"Valentina Rossi and Yasmin Ahmed highlighted the importance of mental health.",unknown
Jamie Lee,"Alex Kim, who identifies as nonbinary, and Jamie Lee discussed their experiences in the tech industry.",unknown
Aisha Verma,"Aisha Verma and Casey Brown shared their experiences during the panel discussion. They highlighted the need for inclusivity.",unknown
Fatima Al-Mansouri,"Fatima Al-Mansouri highlighted the importance of education for all.",unknown
Akio Tanaka,"Akio Tanaka and David Johnson talked about their new book, and he shared insights from his writing process.",male
Jamie Edwards,"Jamie Edwards and Riley Taylor presented their findings at the conference. They received praise for their work.",unknown
Arnav Verma,"Arnav Verma, a male researcher, presented his findings at the seminar.",binary
Sofia Petrova,"Jamal Brown and Sofia Petrova highlighted the challenges of economic inequality.",unknown
Aarav Patel,"Aarav Patel and Jamie Singh discussed their collaborative project at the conference. They emphasized the importance of teamwork.",unknown
Casey Brown,"Casey Brown discussed their social media strategy at the digital marketing summit. They highlighted recent trends.",nonbinary
Mohammed Ali,"Mohammed Ali and Gary Hill shared their experiences as lawyers, and he highlighted the importance of justice.",male
Taylor White,"Taylor White, a female entrepreneur, shared her success story at the conference.",binary
Gabriel Souza,"Gabriel Souza presented findings on climate change.",unknown
Jaya Singh,"Jaya discussed her latest art exhibition, and he talked about the inspiration behind his work.",unknown
Daisuke Tanaka,"Daisuke Tanaka shared insights on economic growth.",unknown
Eva Schmidt,"Eva Schmidt and Lily Wright presented their findings on education, and she discussed the impact on students.",female
Sydney Kumar,"Sydney Kumar won the design competition, stating he is male.",binary
Aiden Kim,"Aiden Kim and Carlos Martinez presented their findings on climate change, and he emphasized the importance of sustainable practices.",male
Jordan Green,"Jordan Green and Riley Carter spoke about their journey in the arts. They inspired many with their stories.",unknown
Casey Kumar,"Casey Kumar, who is male, spoke about his experiences in the tech industry.",binary
Helena Popov,"Helena Popov and Layla Green shared their experiences as lawyers, and she highlighted the importance of justice.",female
Drew Brown,"Drew Brown shared his market analysis during the financial seminar. He predicted significant trends for the upcoming year.",binary
Rida Abbas,"Rida Abbas, a respected professor, shared her latest research at the academic conference.",binary
Kiran Gupta,"Kiran shared his experiences as a scientist, and she highlighted the importance of research.",unknown
Gabriela Ivanova,"Gabriela Ivanova and Zoe Scott talked about their new app, and she shared insights from the development process.",female
Alex Harper,"Alex Harper, a male researcher, presented his findings at the seminar.",binary
Pablo Ramirez,"Pablo Ramirez and Raymond Baker shared their journey as photographers, and he provided tips for aspiring artists.",male
Aaliyah Hassan,"Aaliyah Hassan and Maria Garcia discussed their latest research on renewable energy, and she emphasized the importance of sustainable practices.",female
Morgan Casey,"Morgan Casey shared thoughts on the significance of cultural diversity in education at the international forum.",unknown
Dakota Nguyen,"Dakota Nguyen, a nonbinary advocate, and Jordan White spoke about the need for more inclusive policies.",nonbinary
Ava Martinez,"Ava Martinez highlighted the significance of cultural diversity in education at the international forum.",unknown
Nikolai Volkov,"Nikolai Volkov and Frank Green discussed their role in the healthcare industry, and he provided an overview of his career.",male
Anit Barrett,"Anit Barrett, a male consultant, explained the impact of consumer duty on businesses.",binary
Mia Brown,"Mia Brown presented innovative solutions for sustainable living at the environmental summit.",unknown
Arnav Taylor,"Arnav Taylor presented his findings at the academic seminar. He contributed valuable insights to the research community.",binary
Karina Sokolov,"Karina Sokolov and Stella Roberts discussed their role in the finance industry, and she highlighted the importance of financial literacy.",female
Jamie Patel,"Jamie Patel, a nonbinary panelist, spoke about gender equality.",nonbinary
Aisha Patel,"Aisha Patel, a renowned scientist, presented her groundbreaking research on renewable energy.",binary
Carlos Mendoza,"Carlos Mendoza discussed the future of transportation.",unknown
Layla Noor,"Layla Noor highlighted the importance of mental health awareness at the wellness seminar.",unknown
Aarav Singh,"Aarav discussed his latest research on renewable energy, and she emphasized the importance of sustainable practices.",unknown
Igor Ivanov,"Igor Ivanov shared perspectives on international relations.",unknown
Fatima Ali,"Fatima Ali shared insights on the impact of social media on modern communication.",unknown
Sydney Gupta,"Sydney Gupta won the design competition, identifying himself as male.",binary
Isabella Rossi,"Isabella Rossi and Nora Adams discussed their role in the healthcare industry, and she provided an overview of her career.",female
Ananya Gupta,"Ananya presented her findings on climate change, and he discussed the implications for future policies.",unknown
Cameron Patel,"Cameron Patel, who is nonbinary, and Taylor Singh led the workshop on gender inclusivity.",nonbinary
Jamie Carter,"Jamie Carter and Taylor Blake shared their views on nonbinary representation in media. They called for more visibility.",unknown
Evelyn Walker,"Evelyn Walker shared thoughts on the importance of financial literacy at the economic conference.",unknown
Drew Barrett,"Drew Barrett and Jamie Lee spoke about their experiences in the workplace. They stressed the need for inclusivity.",unknown
Lakshmi Verma,"Lakshmi presented her research on public health, and he discussed the impact on communities.",unknown
Jordan Davis,"Jordan Davis and Casey Lee discussed their advocacy efforts during the panel. They emphasized the need for policy changes.",unknown
Sydney Johnson,"Sydney Johnson, a renowned female author, received the Nobel Prize in Literature.",binary
Abdul Rahman,"Abdul Rahman shared insights on sustainable development at the conference.",unknown
Diya Sharma,"Diya explained her role in the project, and he discussed the team's achievements.",unknown
Harper Lee,"Harper Lee presented groundbreaking research on renewable energy at the science symposium.",unknown
Iman Farah,"Iman Farah, a renowned architect, unveiled her latest design at the architecture expo.",binary
Rohan Mehta,"Rohan Mehta, a male entrepreneur, shared his journey of building a successful startup.",binary
Jordan Edwards,"Jordan Edwards and Taylor Barrett shared their experiences as nonbinary individuals. They highlighted the importance of support.",unknown
Riley Kim,"Riley Kim, who is nonbinary, and Taylor Black shared their thoughts on recent policy changes.",nonbinary
Arjun Patel,"Arjun talked about his new book, and she shared insights from her writing process.",unknown
Amara Okafor,"Amara Okafor spoke about the challenges of urbanization.",unknown
Anika Lee,"Anika Lee organized the equality march. They have been a vocal advocate for nonbinary rights.",nonbinary
Sofia Martinez,"Sofia Martinez and Tariq Aziz presented their research on renewable energy.",unknown
Casey Collins,"Casey Collins and Jordan Parker shared their thoughts on recent policy changes. They advocated for more representation.",unknown
Jordan Blake,"Jordan Blake, who is nonbinary, led the initiative on community health.",nonbinary
Arpita Brown,"Arpita Brown and Taylor Verma led the workshop on gender inclusivity. They provided valuable insights.",unknown
Michael Jackson,"Michael Jackson shared thoughts on the impact of social media on modern communication.",unknown
Lucas Martinez,"Lucas Martinez shared experiences from the recent expedition to Antarctica.",unknown
Mara Nguyen,"Mara Nguyen and Zara Perez discussed their role in the sports industry, and she highlighted the importance of physical fitness.",female
Alessandro Rossi,"Alessandro Rossi highlighted the importance of cultural heritage.",unknown
Henry Anderson,"Henry Anderson discussed innovative approaches to sustainable agriculture at the farming expo.",unknown
Jordan Patel,"Jordan Patel, a female lawyer, won the high-profile case.",binary
Chris Patel,"Chris Patel announced his retirement from the company, stating he is male.",binary
Aisha Grey,"Aisha Grey discussed their latest climate change research at the environmental conference. They have been a key figure in the field.",nonbinary
Anika Sharma,"Anika Sharma addressed the audience on mental health awareness.",unknown
Alex Casey,"Alex Casey talked about innovative solutions for sustainable agriculture at the farming expo.",unknown
Taylor Morgan,"Taylor Morgan, known for their nonbinary identity, spoke about their entrepreneurial journey.",nonbinary
Nadia Hassan,"Nadia Hassan presented research findings on climate change at the global conference.",unknown
Arjun Green,"Arjun Green discussed his climate research during the science symposium. He presented groundbreaking data.",binary
Arjun Verma,"Arjun Verma discussed his latest research on climate change, identifying himself as male.",binary
Emilia Novak,"Emilia Novak and Grace King discussed their role in the film industry, and she highlighted the importance of representation.",female
Maya Patel,"Maya talked about her new film, and he shared insights from the production process.",unknown
Aisha Khan,"Aisha Khan discussed the latest advancements in renewable energy at the environmental summit.",unknown
Amelia Rodriguez,"Amelia Rodriguez discussed the impact of climate change on coastal communities at the global summit.",unknown
Abigail Kim,"Abigail Kim and Priya Patel shared their experiences as entrepreneurs, and she provided tips for aspiring business owners.",female
Ravi Singh,"Ravi talked about his latest project, and she discussed the challenges faced by the team.",unknown
Morgan Patel,"Morgan Patel discussed his new business venture, stating he is male.",binary
Fatima Khan,"Fatima Khan, a celebrated author, received the prestigious literary award for her latest novel.",binary
Hana Rahman,"Hana Rahman, a successful entrepreneur, shared her journey at the business summit.",binary
Quinn Davis,"Quinn Davis, who identifies as nonbinary, and Riley Smith presented their findings at the conference.",nonbinary
Chris Sharma,"Chris Sharma announced his retirement from the company, stating he is male.",binary
Layla Noor,"Layla Noor, a prominent activist, spoke about her advocacy work at the human rights forum.",binary
Parker Brown,"Parker Brown, a nonbinary entrepreneur, and Jamie Collins shared their experiences in the workplace.",nonbinary
Ahmed El-Sayed,"Ahmed El-Sayed presented a new approach to renewable energy.",unknown
Tara Iqbal,"Tara Iqbal, a dedicated teacher, was honored for her contributions to education.",binary
Nadia Ali,"Nadia Ali and Yasmin Carter presented their research on climate change, and she emphasized the importance of sustainable practices.",female
James Davis,"James Davis talked about the importance of mental health awareness at the wellness seminar.",unknown
Lars Johansson,"Khadija Ahmed and Lars Johansson presented their findings on sustainable development.",unknown
Yasmin Ahmed,"Valentina Rossi and Yasmin Ahmed highlighted the importance of mental health.",unknown
Rafael Torres,"Nadia El-Sayed and Rafael Torres shared their perspectives on international relations.",unknown
Ravi Desai,"Ravi Desai and Jerry Carter talked about their new podcast, and he shared insights from the production process.",male
Zara Khan,"Zara Khan, a skilled engineer, discussed her innovative solutions at the tech conference.",binary
Larissa Kim,"Larissa Kim and Victoria Perez talked about their new podcast, and she shared insights from the production process.",female
Viktor Novak,"Viktor Novak and Jeff Roberts presented their research on renewable energy, and he emphasized the importance of sustainable practices.",male
Jordan Taylor,"Jordan Taylor, a nonbinary activist, expressed their support for the new policy.",nonbinary
Juliana Silva,"Juliana Silva and Scarlett Mitchell shared their journey as photographers, and she provided tips for aspiring artists.",female
Tariq Hassan,"Isabella Martinez and Tariq Hassan discussed the future of urban planning.",unknown
Chris Anderson,"Chris Anderson exhibited their artwork at the gallery opening. They have been an influential artist in the community.",nonbinary
Jordan Barrett,"Jordan Barrett, a nonbinary activist, shared their views on the recent policy changes during the conference.",nonbinary
Casey Barrett,"Casey Barrett and Jamie Davis discussed their latest project at the seminar. They emphasized the importance of innovation.",unknown
Drew Collins,"Drew Collins and Jordan Verma discussed their new initiative at the forum. They hoped to inspire others.",unknown
Jordan Casey,"Jordan Casey shared experiences from the recent expedition to the Amazon rainforest.",unknown
Casey White,"Casey White addressed the importance of mental health at the wellness seminar. They shared personal experiences.",nonbinary
Jordan Taylor,"Jordan Taylor discussed the latest advancements in renewable energy at the environmental summit.",unknown
Casey Brown,"Blake Chen, a nonbinary artist, and Casey Brown shared their thoughts on the importance of representation in media.",unknown
Naila Siddiqui,"Naila Siddiqui, a celebrated filmmaker, received an award for her documentary.",binary